order_number,order_date,item_name,quantity,product_price,total_products
9000,28/03/2018 20:34,Tandoori Mixed Grill,2,11.95,5
8961,24/03/2018 18:37,Tandoori Mixed Grill,1,11.95,7
8889,17/03/2018 19:25,Curry,1,11.95,3
8881,17/03/2018 18:06,Tandoori Mixed Grill,1,11.95,5
8880,17/03/2018 17:57,Tandoori Mixed Grill,1,11.95,5
8876,17/03/2018 16:59,Tandoori Mixed Grill,1,11.95,6
8837,13/03/2018 17:42,Tandoori Mixed Grill,1,11.95,8
8832,12/03/2018 20:32,Tandoori Mixed Grill,2,11.95,3
8823,11/03/2018 20:22,Tandoori Mixed Grill,1,11.95,14
8760,07/03/2018 13:24,Tandoori Mixed Grill,1,11.95,5
8671,28/02/2018 16:18,Tandoori Mixed Grill,1,11.95,6
8648,25/02/2018 19:15,Tandoori Mixed Grill,1,11.95,8
8604,23/02/2018 20:11,Tandoori Mixed Grill,2,11.95,3
8490,12/02/2018 17:39,Tandoori Mixed Grill,1,11.95,10
8483,11/02/2018 17:41,Tandoori Mixed Grill,1,11.95,8
8476,10/02/2018 20:25,Tandoori Mixed Grill,1,11.95,9
8422,04/02/2018 18:24,Tandoori Mixed Grill,1,11.95,7
8413,03/02/2018 20:28,Tandoori Mixed Grill,1,11.95,8
8132,10/01/2018 20:09,Tandoori Mixed Grill,1,11.95,6
8072,05/01/2018 19:12,Tandoori Fish (Main),1,11.95,6
8072,05/01/2018 19:12,Tandoori Mixed Grill,1,11.95,6
7992,31/12/2017 16:56,Tandoori Mixed Grill,1,11.95,5
7831,17/12/2017 19:17,Tandoori Mixed Grill,1,11.95,10
7786,15/12/2017 19:50,Tandoori Mixed Grill,1,11.95,6
7767,13/12/2017 18:21,Madras,1,11.95,22
7754,12/12/2017 19:16,Tandoori Mixed Grill,1,11.95,15
7738,10/12/2017 18:23,Tandoori Mixed Grill,1,11.95,9
7737,10/12/2017 17:38,Tandoori Fish (Main),1,11.95,3
7646,04/12/2017 19:22,Tandoori Mixed Grill,1,11.95,10
7589,01/12/2017 16:48,Tandoori Mixed Grill,1,11.95,4
7569,28/11/2017 18:48,Tandoori Mixed Grill,1,11.95,5
7505,24/11/2017 17:45,Tandoori Mixed Grill,1,11.95,6
7402,15/11/2017 18:44,Tandoori Mixed Grill,1,11.95,4
7328,08/11/2017 21:12,Tandoori Mixed Grill,1,11.95,9
7312,06/11/2017 16:53,Tandoori Mixed Grill,1,11.95,6
7136,20/10/2017 19:19,Vindaloo,1,11.95,5
7011,09/10/2017 17:22,Tandoori Mixed Grill,1,11.95,14
6923,01/10/2017 18:43,Tandoori Fish (Main),1,11.95,4
6921,01/10/2017 17:43,Tandoori Fish (Main),1,11.95,2
6906,30/09/2017 15:44,Tandoori Mixed Grill,1,11.95,6
6854,26/09/2017 10:50,Tandoori Mixed Grill,2,11.95,20
6843,24/09/2017 19:03,Madras,1,11.95,6
6756,16/09/2017 19:47,Tandoori Mixed Grill,1,11.95,5
6751,16/09/2017 18:32,Tandoori Mixed Grill,1,11.95,3
6714,14/09/2017 20:20,Tandoori Mixed Grill,1,11.95,4
6659,08/09/2017 19:49,Tandoori Mixed Grill,1,11.95,3
6600,02/09/2017 20:32,Tandoori Mixed Grill,1,11.95,5
6488,24/08/2017 22:15,Tandoori Fish (Main),1,11.95,4
6485,24/08/2017 20:27,Tandoori Mixed Grill,1,11.95,4
6414,18/08/2017 18:17,Tandoori Fish (Main),1,11.95,3
6413,18/08/2017 18:13,Tandoori Mixed Grill,1,11.95,9
6362,13/08/2017 18:09,Tandoori Mixed Grill,1,11.95,10
6151,22/07/2017 21:00,Tandoori Mixed Grill,1,11.95,7
6147,22/07/2017 19:56,Tandoori Mixed Grill,1,11.95,4
6132,21/07/2017 20:30,Tandoori Mixed Grill,1,11.95,4
6126,21/07/2017 18:54,Tandoori Fish (Main),1,11.95,1
6002,10/07/2017 20:47,Tandoori Mixed Grill,2,11.95,10
5961,07/07/2017 19:16,Tandoori Mixed Grill,1,11.95,7
5941,05/07/2017 19:12,Tandoori Mixed Grill,1,11.95,4
5904,02/07/2017 18:57,Tandoori Mixed Grill,1,11.95,8
5868,30/06/2017 12:29,Curry,1,11.95,6
5861,29/06/2017 19:13,Tandoori Mixed Grill,1,11.95,5
5857,28/06/2017 22:51,Tandoori Fish (Main),1,11.95,9
5847,27/06/2017 19:44,Tandoori Mixed Grill,1,11.95,7
5741,17/06/2017 21:10,Tandoori Mixed Grill,1,11.95,5
5671,09/06/2017 19:04,Tandoori Mixed Grill,1,11.95,6
5619,04/06/2017 13:44,Tandoori Mixed Grill,2,11.95,7
5515,25/05/2017 21:14,Tandoori Mixed Grill,1,11.95,4
5465,19/05/2017 18:32,Tandoori Mixed Grill,1,11.95,7
5464,19/05/2017 18:25,Tandoori Mixed Grill,1,11.95,7
5438,15/05/2017 21:46,Tandoori Mixed Grill,1,11.95,8
5421,13/05/2017 20:03,Tandoori Mixed Grill,1,11.95,6
5395,11/05/2017 19:07,Tandoori Mixed Grill,1,11.95,4
5388,10/05/2017 20:47,Tandoori Mixed Grill,1,11.95,6
5372,08/05/2017 18:49,Tandoori Mixed Grill,2,11.95,5
5325,05/05/2017 18:34,Tandoori Mixed Grill,1,11.95,4
5313,04/05/2017 17:45,Tandoori Mixed Grill,1,11.95,3
5307,02/05/2017 19:35,Tandoori Mixed Grill,1,11.95,6
5198,22/04/2017 21:15,Tandoori Mixed Grill,1,11.95,7
5175,21/04/2017 20:10,Madras,1,11.95,8
5120,16/04/2017 19:14,Tandoori Mixed Grill,1,11.95,4
5044,09/04/2017 19:26,Tandoori Mixed Grill,2,11.95,3
5016,07/04/2017 20:51,Tandoori Mixed Grill,1,11.95,7
4985,04/04/2017 17:49,Tandoori Mixed Grill,1,11.95,6
4942,31/03/2017 22:32,Tandoori Fish (Main),1,11.95,3
4913,29/03/2017 17:56,Tandoori Mixed Grill,1,11.95,7
4909,28/03/2017 18:29,Tandoori Mixed Grill,1,11.95,5
4867,24/03/2017 19:49,Tandoori Mixed Grill,1,11.95,4
4811,18/03/2017 16:31,Tandoori Mixed Grill,1,11.95,7
4757,12/03/2017 18:49,Tandoori Mixed Grill,1,11.95,5
4693,03/03/2017 20:27,Tandoori Mixed Grill,1,11.95,6
4651,25/02/2017 17:36,Tandoori Mixed Grill,2,11.95,5
4549,14/02/2017 18:16,Tandoori Mixed Grill,1,11.95,5
4490,07/02/2017 17:40,Tandoori Mixed Grill,1,11.95,8
4483,05/02/2017 19:57,Madras,1,11.95,5
4451,03/02/2017 17:10,Tandoori Mixed Grill,1,11.95,6
4381,27/01/2017 13:38,Curry,1,11.95,4
4357,24/01/2017 17:21,Tandoori Mixed Grill,1,11.95,7
4300,18/01/2017 17:39,Tandoori Mixed Grill,1,11.95,7
4299,18/01/2017 17:06,Tandoori Mixed Grill,1,11.95,4
4286,15/01/2017 17:23,Tandoori Mixed Grill,1,11.95,8
4210,06/01/2017 19:49,Tandoori Mixed Grill,1,11.95,4
4193,04/01/2017 19:59,Tandoori Mixed Grill,1,11.95,9
4177,03/01/2017 19:07,Madras,1,11.95,12
4151,31/12/2016 21:20,Madras,1,11.95,5
4110,28/12/2016 18:52,Tandoori Mixed Grill,2,11.95,6
4095,27/12/2016 17:33,Tandoori Mixed Grill,1,11.95,7
3977,15/12/2016 12:04,Tandoori Mixed Grill,1,11.95,10
3939,09/12/2016 20:59,Vindaloo,1,11.95,2
3883,03/12/2016 17:30,Tandoori Mixed Grill,1,11.95,9
3868,02/12/2016 12:03,Tandoori Mixed Grill,3,11.95,12
3851,30/11/2016 18:05,Tandoori Mixed Grill,1,11.95,5
3850,30/11/2016 18:01,Tandoori Mixed Grill,1,11.95,5
3825,26/11/2016 21:23,Tandoori Fish (Main),1,11.95,6
3824,26/11/2016 19:49,Tandoori Fish (Main),1,11.95,8
3756,19/11/2016 20:38,Tandoori Mixed Grill,1,11.95,6
3748,19/11/2016 18:16,Tandoori Mixed Grill,1,11.95,10
3612,05/11/2016 18:29,Tandoori Mixed Grill,1,11.95,6
3591,02/11/2016 20:12,Tandoori Mixed Grill,1,11.95,5
3577,31/10/2016 19:01,Tandoori Mixed Grill,1,11.95,8
3489,22/10/2016 19:04,Tandoori Mixed Grill,1,11.95,8
3487,22/10/2016 18:14,Tandoori Mixed Grill,1,11.95,3
3481,21/10/2016 20:06,Tandoori Fish (Main),1,11.95,7
3396,14/10/2016 18:31,Madras,1,11.95,5
3367,10/10/2016 20:14,Tandoori Mixed Grill,1,11.95,4
3288,01/10/2016 18:59,Tandoori Mixed Grill,1,11.95,15
3227,24/09/2016 21:14,Tandoori Mixed Grill,1,11.95,5
3194,20/09/2016 12:46,Tandoori Mixed Grill,1,11.95,2
3187,18/09/2016 19:01,Tandoori Mixed Grill,1,11.95,9
3032,27/08/2016 20:48,Tandoori Mixed Grill,1,11.95,6
2966,20/08/2016 18:45,Tandoori Mixed Grill,1,11.95,9
2907,12/08/2016 18:04,Tandoori Mixed Grill,1,11.95,15
2862,06/08/2016 20:12,Tandoori Mixed Grill,1,11.95,11
2782,25/07/2016 19:50,Curry,1,11.95,4
2758,22/07/2016 19:23,Tandoori Mixed Grill,1,11.95,9
2658,10/06/2016 19:06,Tandoori Mixed Grill,1,11.95,6
2523,19/05/2016 19:38,Tandoori Mixed Grill,1,11.95,3
2436,05/05/2016 19:03,Tandoori Mixed Grill,1,11.95,4
2420,01/05/2016 21:25,Tandoori Mixed Grill,1,11.95,8
2395,27/04/2016 17:21,Vindaloo,1,11.95,4
2315,16/04/2016 19:49,Tandoori Mixed Grill,1,11.95,6
2172,24/03/2016 18:59,Tandoori Mixed Grill,2,11.95,2
16031,28/07/2019 21:18,Chicken Shashlick Curry,1,12.95,7
15966,26/07/2019 18:14,Lamb Shashlick Curry,1,12.95,7
15951,25/07/2019 19:11,Chicken Shashlick Curry,1,12.95,8
15910,21/07/2019 17:52,Dhansak - King Prawn,1,12.95,4
15770,13/07/2019 18:52,Tandoori King Prawn Garlic,1,12.95,5
15751,12/07/2019 19:46,Lamb Shashlick Curry,1,12.95,5
15741,12/07/2019 17:19,Chicken Shashlick Curry,1,12.95,7
15556,29/06/2019 18:02,Bhuna - King Prawn,1,12.95,5
15527,28/06/2019 06:23,Hazary Lamb,1,12.95,16
15501,24/06/2019 19:26,Lamb Shashlick Curry,1,12.95,3
15402,17/06/2019 21:05,Tandoori King Prawn Garlic,1,12.95,5
15353,15/06/2019 20:09,King Prawn Biryani,1,12.95,4
15343,15/06/2019 18:50,Chicken Shashlick Curry,1,12.95,8
15234,07/06/2019 21:19,King Prawn Hari Mirch,1,12.95,6
15196,05/06/2019 19:10,Bhuna - King Prawn,1,12.95,9
15170,03/06/2019 21:27,Bengal Fry Fish,1,12.95,6
15143,01/06/2019 18:54,Tandoori King Prawn Garlic,1,12.95,11
15136,01/06/2019 18:17,Tandoori King Prawn Garlic,1,12.95,7
15044,26/05/2019 18:05,King Prawn Balti,1,12.95,7
14972,22/05/2019 19:25,Tandoori King Prawn Garlic,1,12.95,5
14958,21/05/2019 18:09,Hazary Lamb,1,12.95,6
14948,20/05/2019 18:37,Tandoori King Prawn Garlic,1,12.95,3
14918,18/05/2019 22:13,King Prawn Shaslick,1,12.95,5
14898,18/05/2019 19:25,Pathia - King Prawn,1,12.95,4
14874,17/05/2019 20:06,Bengal King Prawn,1,12.95,5
14866,17/05/2019 19:07,King Prawn Shaslick,1,12.95,10
14811,13/05/2019 20:10,Hazary Lamb,1,12.95,10
14808,13/05/2019 19:22,Korma - King Prawn,1,12.95,4
14735,10/05/2019 18:57,Tandoori King Prawn Garlic,1,12.95,5
14728,10/05/2019 17:56,Bengal King Prawn,1,12.95,10
14726,10/05/2019 17:20,Bengal King Prawn,1,12.95,7
14719,09/05/2019 17:44,Saag - King Prawn,1,12.95,8
14700,06/05/2019 21:13,King Prawn Hari Mirch,1,12.95,4
14546,28/04/2019 18:16,Saag - King Prawn,1,12.95,14
14514,27/04/2019 18:30,Bhuna - King Prawn,1,12.95,4
14494,26/04/2019 18:22,King Prawn Shaslick,1,12.95,8
14463,22/04/2019 21:34,King Prawn Shaslick,1,12.95,5
14405,19/04/2019 19:17,Rogon - King Prawn,1,12.95,4
14358,16/04/2019 18:45,Hazary Lamb,1,12.95,4
14294,13/04/2019 10:31,Mushroom - King Prawn,1,12.95,4
14281,12/04/2019 19:07,King Prawn Shaslick,1,12.95,9
14227,07/04/2019 19:38,Hazary Lamb,1,12.95,8
14170,05/04/2019 19:12,Chicken Shashlick Curry,1,12.95,7
14166,05/04/2019 18:46,Bengal King Prawn,1,12.95,8
14141,03/04/2019 18:49,King Prawn Shaslick,1,12.95,6
14125,31/03/2019 21:05,King Prawn Hari Mirch,1,12.95,4
14108,31/03/2019 17:38,King Prawn Hari Mirch,1,12.95,11
14029,28/03/2019 19:19,Saag - King Prawn,1,12.95,8
13915,21/03/2019 13:26,King Prawn Hari Mirch,1,12.95,5
13776,10/03/2019 19:52,Hazary Lamb,1,12.95,5
13767,10/03/2019 18:08,Tandoori King Prawn Masala,1,12.95,9
13766,10/03/2019 18:04,King Prawn Balti,1,12.95,6
13745,09/03/2019 18:14,Tandoori King Prawn Garlic,1,12.95,6
13744,09/03/2019 18:00,Bengal Fish Karahi,1,12.95,11
13716,07/03/2019 20:30,Tandoori King Prawn Garlic,1,12.95,5
13709,07/03/2019 18:01,Saag - King Prawn,1,12.95,3
13663,02/03/2019 19:58,King Prawn Shaslick,1,12.95,4
13635,01/03/2019 21:10,King Prawn Hari Mirch,1,12.95,5
13613,01/03/2019 18:07,Tandoori King Prawn Garlic,1,12.95,7
13598,28/02/2019 17:22,King Prawn Biryani,1,12.95,6
13532,22/02/2019 19:51,King Prawn Hari Mirch,1,12.95,12
13460,16/02/2019 18:45,Saag - King Prawn,1,12.95,8
13370,12/02/2019 16:53,Tandoori King Prawn Garlic,1,12.95,4
13366,11/02/2019 18:04,Dhansak - King Prawn,1,12.95,10
13352,09/02/2019 22:37,King Prawn Shaslick,1,12.95,4
13343,09/02/2019 19:36,Chicken Shashlick Curry,1,12.95,7
13328,09/02/2019 17:58,King Prawn Hari Mirch,1,12.95,8
13318,08/02/2019 20:12,King Prawn Balti,1,12.95,4
13256,04/02/2019 18:36,Tandoori King Prawn Masala,1,12.95,3
13235,02/02/2019 19:59,Tandoori King Prawn Garlic,1,12.95,7
13145,29/01/2019 19:19,Korma - King Prawn,1,12.95,3
13116,26/01/2019 22:12,King Prawn Hari Mirch,1,12.95,4
13115,26/01/2019 21:44,Bengal Fish Biryani,2,12.95,1
13088,26/01/2019 17:11,King Prawn Shaslick,1,12.95,5
13048,23/01/2019 22:03,Saag - King Prawn,1,12.95,6
13048,23/01/2019 22:03,Bengal Fish Biryani,1,12.95,6
12981,18/01/2019 18:25,Tandoori King Prawn Garlic,1,12.95,9
12964,17/01/2019 18:24,King Prawn Biryani,1,12.95,7
12924,12/01/2019 21:39,Lamb Shashlick Curry,1,12.95,8
12923,12/01/2019 20:59,Hazary Lamb Chilli Garlic,1,12.95,3
12837,05/01/2019 18:50,King Prawn Karahi,1,12.95,5
12792,03/01/2019 18:03,King Prawn Hari Mirch,1,12.95,4
12720,30/12/2018 17:58,King Prawn Hari Mirch,1,12.95,6
12677,27/12/2018 18:03,Tandoori King Prawn Garlic,1,12.95,5
12640,23/12/2018 21:15,Tandoori King Prawn Masala,1,12.95,7
12597,22/12/2018 18:15,Tandoori King Prawn Garlic,1,12.95,8
12576,21/12/2018 17:46,King Prawn Biryani,1,12.95,3
12567,20/12/2018 21:45,Bengal Fish Biryani,1,12.95,2
12566,20/12/2018 21:37,King Prawn Shaslick,1,12.95,4
12520,16/12/2018 17:43,Bhuna - King Prawn,1,12.95,4
12495,15/12/2018 18:06,King Prawn Hari Mirch,1,12.95,5
12453,13/12/2018 20:35,King Prawn Hari Mirch,1,12.95,5
12450,13/12/2018 19:41,Chicken Shashlick Curry,1,12.95,3
12449,13/12/2018 19:39,Chicken Shashlick Curry,2,12.95,12
12434,12/12/2018 19:05,Hazary Lamb Chilli Garlic,1,12.95,2
12427,12/12/2018 16:55,Pathia - King Prawn,1,12.95,6
12421,10/12/2018 19:36,Tandoori King Prawn Masala,1,12.95,4
12373,08/12/2018 17:47,Bengal King Prawn,1,12.95,5
12254,30/11/2018 19:10,King Prawn Shaslick,1,12.95,8
12182,24/11/2018 19:20,Chicken Shashlick Curry,1,12.95,4
12157,23/11/2018 18:38,King Prawn Hari Mirch,1,12.95,4
12089,17/11/2018 18:46,King Prawn Shaslick,1,12.95,9
12055,16/11/2018 18:20,King Prawn Karahi,1,12.95,4
12040,15/11/2018 18:44,Dupiaza - King Prawn,1,12.95,7
12020,13/11/2018 18:55,Hazary Lamb Chilli Garlic,1,12.95,4
11968,10/11/2018 18:06,Tandoori King Prawn Garlic,1,12.95,6
11966,10/11/2018 17:55,Dhansak - King Prawn,1,12.95,5
11957,09/11/2018 21:48,King Prawn Hari Mirch,1,12.95,10
11933,08/11/2018 17:10,Tandoori King Prawn Garlic,1,12.95,2
11899,05/11/2018 19:27,Tandoori King Prawn Garlic,1,12.95,17
11869,03/11/2018 18:44,Tandoori King Prawn Garlic,1,12.95,7
11809,31/10/2018 17:45,Mushroom - King Prawn,1,12.95,5
11793,29/10/2018 16:35,King Prawn Karahi,1,12.95,4
11748,26/10/2018 22:38,King Prawn Shaslick,1,12.95,5
11703,22/10/2018 18:49,King Prawn Shaslick,1,12.95,4
11660,19/10/2018 19:21,Tandoori King Prawn Masala,1,12.95,7
11642,19/10/2018 17:34,Lamb Shashlick Curry,1,12.95,8
11570,13/10/2018 18:35,Bengal King Prawn,1,12.95,9
11537,11/10/2018 21:05,Hazary Lamb,1,12.95,8
11525,11/10/2018 17:45,Saag - King Prawn,1,12.95,2
11477,06/10/2018 22:18,King Prawn Biryani,1,12.95,2
11475,06/10/2018 20:46,Bengal Fish Biryani,1,12.95,2
11411,02/10/2018 18:37,King Prawn Shaslick,1,12.95,4
11394,30/09/2018 17:49,Rogon - King Prawn,1,12.95,5
11351,28/09/2018 19:52,Chicken Shashlick Curry,1,12.95,7
11258,22/09/2018 17:44,Hazary Lamb,1,12.95,8
11248,21/09/2018 19:34,Tandoori King Prawn Garlic,1,12.95,7
11225,19/09/2018 22:25,King Prawn Shaslick,1,12.95,4
11206,18/09/2018 18:50,Chicken Shashlick Curry,1,12.95,8
11145,15/09/2018 16:34,King Prawn Shaslick,1,12.95,3
11135,14/09/2018 19:17,Tandoori King Prawn Garlic,1,12.95,5
11093,11/09/2018 19:11,King Prawn Shaslick,1,12.95,5
11022,07/09/2018 16:49,Hazary Lamb,1,12.95,7
10981,02/09/2018 21:23,Tandoori King Prawn Masala,1,12.95,6
10973,02/09/2018 18:50,Bhuna - King Prawn,1,12.95,4
10968,01/09/2018 22:43,King Prawn Shaslick,1,12.95,6
10939,30/08/2018 19:24,King Prawn Shaslick,1,12.95,3
10918,29/08/2018 19:10,King Prawn Karahi,1,12.95,7
10869,26/08/2018 17:09,King Prawn Biryani,1,12.95,5
10853,25/08/2018 18:29,Chicken Shashlick Curry,1,12.95,8
10844,24/08/2018 20:47,Tandoori King Prawn Masala,1,12.95,8
10806,21/08/2018 22:42,King Prawn Shaslick,1,12.95,3
10757,18/08/2018 19:51,Chicken Shashlick Curry,1,12.95,6
10710,16/08/2018 19:44,Bengal King Prawn,1,12.95,6
10651,11/08/2018 18:56,Tandoori King Prawn Garlic,1,12.95,2
10586,05/08/2018 22:55,King Prawn Shaslick,1,12.95,5
10570,04/08/2018 20:06,Chicken Shashlick Curry,1,12.95,6
10549,03/08/2018 18:06,Chicken Shashlick Curry,1,12.95,5
10473,28/07/2018 17:55,King Prawn Shaslick,1,12.95,4
10471,28/07/2018 17:38,King Prawn Shaslick,1,12.95,6
10441,26/07/2018 20:38,King Prawn Shaslick,1,12.95,6
10422,25/07/2018 19:39,Korma - King Prawn,1,12.95,6
10381,21/07/2018 18:20,King Prawn Shaslick,1,12.95,7
10372,20/07/2018 19:26,King Prawn Biryani,1,12.95,8
10360,19/07/2018 20:27,Bengal Fish Biryani,1,12.95,6
10344,18/07/2018 18:35,Tandoori King Prawn Garlic,1,12.95,8
10341,18/07/2018 18:11,Methi - King Prawn,1,12.95,6
10270,12/07/2018 18:34,Tandoori King Prawn Masala,1,12.95,8
10154,01/07/2018 21:16,Lamb Shashlick Curry,1,12.95,6
10121,30/06/2018 18:39,Hazary Lamb,1,12.95,2
10121,30/06/2018 18:39,Hazary Lamb Chilli Garlic,1,12.95,2
10097,28/06/2018 17:43,Saag - King Prawn,1,12.95,3
10090,27/06/2018 19:59,King Prawn Biryani,1,12.95,5
10090,27/06/2018 19:59,King Prawn Shaslick,1,12.95,5
10070,24/06/2018 19:51,King Prawn Shaslick,1,12.95,2
10069,24/06/2018 19:46,Bhuna - King Prawn,1,12.95,4
9988,17/06/2018 19:16,Chicken Shashlick Curry,1,12.95,11
9983,17/06/2018 18:27,King Prawn Karahi,1,12.95,8
9951,15/06/2018 22:26,King Prawn Biryani,1,12.95,7
9940,15/06/2018 19:05,Chicken Shashlick Curry,1,12.95,4
9928,14/06/2018 20:42,Hazary Lamb Chilli Garlic,1,12.95,5
9869,09/06/2018 22:30,King Prawn Shaslick,1,12.95,6
9822,06/06/2018 21:55,Lamb Shashlick Curry,1,12.95,9
9802,04/06/2018 19:19,Bengal King Prawn,1,12.95,5
9802,04/06/2018 19:19,Pathia - King Prawn,1,12.95,5
9782,03/06/2018 14:57,King Prawn Karahi,1,12.95,14
9756,01/06/2018 20:29,Chicken Shashlick Curry,1,12.95,7
9679,26/05/2018 20:34,Tandoori King Prawn Garlic,1,12.95,8
9669,26/05/2018 18:40,Hazary Lamb Chilli Garlic,1,12.95,3
9664,26/05/2018 17:36,Chicken Shashlick Curry,1,12.95,11
9659,25/05/2018 22:05,King Prawn Shaslick,1,12.95,6
9631,24/05/2018 19:07,Dhansak - King Prawn,1,12.95,5
9569,17/05/2018 20:31,King Prawn Shaslick,1,12.95,4
9552,16/05/2018 17:06,King Prawn Karahi,1,12.95,7
9527,13/05/2018 14:32,King Prawn Shaslick,1,12.95,5
9520,13/05/2018 12:10,Dupiaza - King Prawn,1,12.95,5
9485,12/05/2018 09:54,Chicken Shashlick Curry,1,12.95,7
9484,12/05/2018 09:51,Bengal Fry Fish,1,12.95,7
9484,12/05/2018 09:51,Chicken Shashlick Curry,1,12.95,7
9447,08/05/2018 17:32,Pathia - King Prawn,1,12.95,6
9420,06/05/2018 14:49,Dupiaza - King Prawn,1,12.95,11
9420,06/05/2018 14:49,Bengal Fry Fish,1,12.95,11
9413,05/05/2018 13:01,Bengal Fish Karahi,1,12.95,27
9413,05/05/2018 13:01,King Prawn Balti,1,12.95,27
9413,05/05/2018 13:01,Bengal Fish Biryani,1,12.95,27
9412,05/05/2018 12:56,Dupiaza - King Prawn,1,12.95,60
9412,05/05/2018 12:56,Korma - King Prawn,1,12.95,60
9412,05/05/2018 12:56,Mushroom - King Prawn,1,12.95,60
9411,05/05/2018 12:45,Lamb Shashlick Curry,1,12.95,45
9410,05/05/2018 12:27,King Prawn Shaslick,1,12.95,26
9408,03/05/2018 18:32,Tandoori King Prawn Garlic,1,12.95,10
9407,03/05/2018 18:20,Tandoori King Prawn Garlic,1,12.95,10
9374,29/04/2018 14:16,Dupiaza - King Prawn,1,12.95,46
9371,29/04/2018 13:38,Hazary Lamb Chilli Garlic,1,12.95,5
9283,20/04/2018 20:03,Chicken Shashlick Curry,1,12.95,4
9225,16/04/2018 18:23,Hazary Lamb Chilli Garlic,1,12.95,4
9224,16/04/2018 18:18,Hazary Lamb Chilli Garlic,1,12.95,5
9164,13/04/2018 11:56,King Prawn Hari Mirch,2,12.95,7
9134,08/04/2018 18:34,Saag,1,12.95,3
9122,07/04/2018 19:54,Chicken Shashlick Curry,1,12.95,6
9119,07/04/2018 19:26,Bhuna,1,12.95,5
9109,07/04/2018 18:04,King Prawn Karahi,1,12.95,6
9083,05/04/2018 18:46,Bengal King Prawn,1,12.95,7
9081,05/04/2018 18:19,King Prawn Shaslick,1,12.95,5
9031,30/03/2018 22:12,King Prawn Shaslick,1,12.95,5
8965,24/03/2018 18:51,Lamb Shashlick Curry,1,12.95,6
8948,23/03/2018 17:29,Saag,1,12.95,13
8916,19/03/2018 19:11,King Prawn Biryani,1,12.95,6
8912,19/03/2018 18:11,Hazary Lamb Chilli Garlic,1,12.95,8
8890,17/03/2018 19:28,Chicken Shashlick Curry,1,12.95,6
8886,17/03/2018 18:35,Dhansak,1,12.95,7
8876,17/03/2018 16:59,Bengal Fry Fish,1,12.95,6
8809,11/03/2018 17:27,Korma,1,12.95,7
8807,11/03/2018 17:17,King Prawn Biryani,1,12.95,8
8738,03/03/2018 22:58,King Prawn Hari Mirch,1,12.95,4
8730,03/03/2018 19:23,King Prawn Shaslick,1,12.95,13
8676,28/02/2018 21:04,King Prawn Hari Mirch,1,12.95,11
8556,17/02/2018 17:41,King Prawn Karahi,1,12.95,3
8491,12/02/2018 19:43,Bhuna,1,12.95,10
8412,03/02/2018 19:50,Hazary Lamb,1,12.95,7
8389,02/02/2018 18:52,Hazary Lamb Chilli Garlic,1,12.95,10
8289,24/01/2018 21:58,King Prawn Shaslick,1,12.95,5
8237,20/01/2018 12:35,Bengal King Prawn,1,12.95,5
8231,19/01/2018 20:10,Lamb Shashlick Curry,1,12.95,8
8218,19/01/2018 17:52,King Prawn Hari Mirch,1,12.95,8
8202,17/01/2018 19:49,King Prawn Biryani,1,12.95,6
8198,16/01/2018 19:11,Bhuna,1,12.95,11
8195,16/01/2018 16:18,Hazary Lamb,1,12.95,4
8171,13/01/2018 18:07,Tandoori King Prawn Masala,1,12.95,11
8165,12/01/2018 21:41,Hazary Lamb Chilli Garlic,1,12.95,5
8132,10/01/2018 20:09,Bengal Fry Fish,1,12.95,6
8131,10/01/2018 19:50,Chicken Shashlick Curry,1,12.95,6
8112,07/01/2018 18:39,Korma,1,12.95,3
8106,07/01/2018 14:05,Tandoori King Prawn Masala,1,12.95,3
8069,05/01/2018 18:29,Hazary Lamb,2,12.95,18
8036,02/01/2018 18:09,King Prawn Balti,1,12.95,7
8013,31/12/2017 20:38,Chicken Shashlick Curry,1,12.95,9
8011,31/12/2017 20:32,Chicken Shashlick Curry,1,12.95,10
8006,31/12/2017 19:59,Hazary Lamb Chilli Garlic,1,12.95,20
7965,29/12/2017 18:02,Tandoori King Prawn Masala,1,12.95,10
7899,22/12/2017 21:26,Lamb Shashlick Curry,1,12.95,13
7862,20/12/2017 18:32,Bengal King Prawn,1,12.95,9
7861,20/12/2017 18:15,Bengal King Prawn,1,12.95,8
7843,18/12/2017 19:14,Korma,1,12.95,16
7828,17/12/2017 19:04,Hazary Lamb,1,12.95,4
7794,16/12/2017 17:26,King Prawn Shaslick,1,12.95,5
7791,16/12/2017 12:57,Tandoori King Prawn Garlic,1,12.95,6
7730,09/12/2017 22:33,King Prawn Shaslick,1,12.95,6
7680,08/12/2017 18:12,King Prawn Hari Mirch,1,12.95,10
7672,07/12/2017 20:20,Hazary Lamb Chilli Garlic,1,12.95,5
7623,03/12/2017 17:11,Chicken Shashlick Curry,1,12.95,10
7582,30/11/2017 18:12,Hazary Lamb Chilli Garlic,1,12.95,8
7577,29/11/2017 19:18,King Prawn Shaslick,1,12.95,6
7533,25/11/2017 18:46,Bengal King Prawn,1,12.95,3
7493,22/11/2017 20:06,King Prawn Biryani,1,12.95,2
7432,17/11/2017 22:19,King Prawn Shaslick,1,12.95,5
7415,17/11/2017 16:41,Saag,1,12.95,2
7411,17/11/2017 11:43,Chicken Shashlick Curry,1,12.95,9
7405,16/11/2017 18:03,Pathia,1,12.95,6
7402,15/11/2017 18:44,Chicken Shashlick Curry,1,12.95,4
7341,10/11/2017 18:19,Bhuna,1,12.95,6
7283,03/11/2017 22:22,King Prawn Shaslick,1,12.95,4
7258,01/11/2017 21:39,King Prawn Shaslick,1,12.95,6
7206,27/10/2017 20:22,Hazary Lamb Chilli Garlic,1,12.95,10
7177,25/10/2017 19:46,Bengal Fish Biryani,1,12.95,3
7099,15/10/2017 12:18,Hazary Lamb Chilli Garlic,1,12.95,7
7039,11/10/2017 20:22,Chicken Shashlick Curry,1,12.95,7
6930,01/10/2017 19:42,Hazary Lamb,1,12.95,5
6922,01/10/2017 17:44,King Prawn Balti,1,12.95,11
6902,29/09/2017 20:12,Hazary Lamb,1,12.95,8
6850,25/09/2017 18:53,King Prawn Biryani,1,12.95,8
6807,22/09/2017 19:01,Tandoori King Prawn Masala,1,12.95,3
6789,21/09/2017 16:13,Hazary Lamb Chilli Garlic,1,12.95,4
6756,16/09/2017 19:47,Tandoori King Prawn Garlic,1,12.95,5
6748,16/09/2017 18:20,Bengal King Prawn,1,12.95,4
6743,16/09/2017 17:08,Chicken Shashlick Curry,1,12.95,9
6734,15/09/2017 19:11,Korma,1,12.95,7
6712,14/09/2017 19:10,King Prawn Biryani,1,12.95,5
6696,11/09/2017 19:30,King Prawn Biryani,1,12.95,8
6664,08/09/2017 22:12,King Prawn Shaslick,1,12.95,5
6617,03/09/2017 19:42,Hazary Lamb Chilli Garlic,1,12.95,6
6590,02/09/2017 17:35,King Prawn Shaslick,1,12.95,4
6524,27/08/2017 18:15,Rogon,1,12.95,8
6520,27/08/2017 14:02,Hazary Lamb Chilli Garlic,1,12.95,1
6512,26/08/2017 19:18,King Prawn Balti,2,12.95,4
6482,24/08/2017 18:58,Tandoori King Prawn Masala,1,12.95,15
6476,23/08/2017 19:08,King Prawn Shaslick,1,12.95,4
6475,23/08/2017 19:01,King Prawn Shaslick,1,12.95,5
6414,18/08/2017 18:17,Saag,1,12.95,3
6400,17/08/2017 18:32,Hazary Lamb,1,12.95,6
6395,17/08/2017 17:32,King Prawn Shaslick,1,12.95,8
6395,17/08/2017 17:32,King Prawn Biryani,1,12.95,8
6394,17/08/2017 16:06,Bengal King Prawn,1,12.95,6
6335,10/08/2017 19:39,Chicken Shashlick Curry,1,12.95,10
6279,05/08/2017 16:45,Tandoori King Prawn Masala,1,12.95,4
6244,01/08/2017 19:02,Pathia,1,12.95,3
6236,30/07/2017 20:03,Korma,1,12.95,3
6232,30/07/2017 19:23,Tandoori King Prawn Garlic,1,12.95,7
6182,27/07/2017 18:48,Lamb Shashlick Curry,1,12.95,6
6154,22/07/2017 22:25,Chicken Shashlick Curry,1,12.95,5
6085,17/07/2017 18:35,Tandoori King Prawn Masala,1,12.95,5
6084,17/07/2017 18:30,Pathia,1,12.95,8
6072,16/07/2017 18:08,Chicken Shashlick Curry,1,12.95,4
6054,15/07/2017 18:50,Korma,1,12.95,4
6052,15/07/2017 17:57,Chicken Shashlick Curry,1,12.95,9
5961,07/07/2017 19:16,Bengal King Prawn,1,12.95,7
5955,07/07/2017 17:58,Bengal Fish Karahi,1,12.95,11
5932,04/07/2017 20:04,Pathia,1,12.95,3
5924,04/07/2017 17:51,Tandoori King Prawn Masala,1,12.95,9
5882,30/06/2017 22:36,King Prawn Shaslick,1,12.95,5
5800,23/06/2017 22:20,King Prawn Shaslick,1,12.95,6
5734,17/06/2017 17:31,Tandoori King Prawn Masala,1,12.95,5
5714,14/06/2017 18:33,Lamb Shashlick Curry,1,12.95,6
5712,13/06/2017 22:16,King Prawn Shaslick,1,12.95,4
5706,13/06/2017 11:36,Tandoori King Prawn Masala,1,12.95,6
5703,12/06/2017 18:31,King Prawn Shaslick,1,12.95,3
5625,04/06/2017 18:12,Dhansak,1,12.95,4
5616,03/06/2017 20:59,Lamb Shashlick Curry,1,12.95,7
5584,01/06/2017 19:39,Hazary Lamb,1,12.95,6
5520,26/05/2017 18:26,Hazary Lamb,1,12.95,3
5520,26/05/2017 18:26,Korma,1,12.95,3
5484,20/05/2017 22:00,Hazary Lamb,1,12.95,4
5472,19/05/2017 19:39,Tandoori King Prawn Masala,1,12.95,3
5471,19/05/2017 19:33,Hazary Lamb,1,12.95,3
5470,19/05/2017 19:28,Hazary Lamb,1,12.95,3
5425,14/05/2017 15:44,King Prawn Biryani,1,12.95,16
5416,13/05/2017 18:55,Chicken Shashlick Curry,1,12.95,7
5383,09/05/2017 19:03,King Prawn Hari Mirch,1,12.95,4
5383,09/05/2017 19:03,Tandoori King Prawn Masala,1,12.95,4
5378,09/05/2017 12:07,Hazary Lamb,1,12.95,9
5366,07/05/2017 21:41,King Prawn Shaslick,1,12.95,3
5354,06/05/2017 22:29,King Prawn Shaslick,1,12.95,5
5322,05/05/2017 17:24,Korma,1,12.95,3
5278,29/04/2017 18:36,Chicken Shashlick Curry,1,12.95,7
5275,29/04/2017 17:55,Dhansak,1,12.95,5
5182,22/04/2017 17:38,Chicken Shashlick Curry,1,12.95,9
5174,21/04/2017 19:41,Hazary Lamb,1,12.95,4
5169,21/04/2017 18:21,Tandoori King Prawn Masala,1,12.95,7
5130,17/04/2017 18:37,King Prawn Balti,1,12.95,4
5082,13/04/2017 22:36,King Prawn Shaslick,1,12.95,4
5078,13/04/2017 20:26,Hazary Lamb,1,12.95,3
4977,02/04/2017 20:07,Chicken Shashlick Curry,1,12.95,6
4959,01/04/2017 19:47,Chicken Shashlick Curry,1,12.95,6
4938,31/03/2017 18:55,Korma,1,12.95,4
4913,29/03/2017 17:56,King Prawn Shaslick,1,12.95,7
4898,26/03/2017 22:05,King Prawn Shaslick,1,12.95,3
4888,26/03/2017 17:08,Lamb Shashlick Curry,1,12.95,7
4848,22/03/2017 22:13,King Prawn Shaslick,1,12.95,3
4766,13/03/2017 20:06,Bengal Fish Karahi,1,12.95,5
4760,12/03/2017 19:42,King Prawn Hari Mirch,1,12.95,6
4738,10/03/2017 19:17,Chicken Shashlick Curry,1,12.95,9
4721,07/03/2017 20:32,Bengal Fish Biryani,1,12.95,4
4713,05/03/2017 19:04,Chicken Shashlick Curry,1,12.95,6
4680,02/03/2017 18:36,King Prawn Biryani,1,12.95,4
4678,01/03/2017 19:21,Hazary Lamb,1,12.95,8
4647,25/02/2017 12:34,Bengal King Prawn,1,12.95,8
4622,22/02/2017 18:22,Bengal King Prawn,1,12.95,7
4560,14/02/2017 20:47,Lamb Shashlick Curry,1,12.95,5
4547,14/02/2017 17:28,Lamb Shashlick Curry,1,12.95,5
4518,10/02/2017 19:55,Chicken Shashlick Curry,1,12.95,5
4494,08/02/2017 15:58,Hazary Lamb,2,12.95,7
4460,04/02/2017 17:30,Hazary Lamb,2,12.95,5
4459,04/02/2017 17:23,Hazary Lamb,2,12.95,4
4450,03/02/2017 13:58,Bengal King Prawn,1,12.95,6
4370,26/01/2017 11:51,Bengal Fish Karahi,1,12.95,8
4357,24/01/2017 17:21,King Prawn Shaslick,1,12.95,7
4300,18/01/2017 17:39,King Prawn Shaslick,1,12.95,7
4290,15/01/2017 22:09,King Prawn Shaslick,1,12.95,5
4285,15/01/2017 17:11,Tandoori King Prawn Garlic,1,12.95,5
4258,12/01/2017 15:12,Lamb Shashlick Curry,1,12.95,5
4247,09/01/2017 17:56,King Prawn Karahi,1,12.95,6
4200,06/01/2017 17:32,King Prawn Shaslick,1,12.95,6
4177,03/01/2017 19:07,Tandoori King Prawn Masala,1,12.95,12
4170,02/01/2017 19:12,Chicken Shashlick Curry,1,12.95,7
4045,20/12/2016 22:31,King Prawn Hari Mirch,1,12.95,12
4041,20/12/2016 18:28,King Prawn Shaslick,1,12.95,8
4039,20/12/2016 18:22,Hazary Lamb,1,12.95,7
4023,18/12/2016 17:01,Lamb Shashlick Curry,1,12.95,8
3991,16/12/2016 18:49,Chicken Shashlick Curry,1,12.95,5
3924,09/12/2016 16:58,Hazary Lamb,1,12.95,9
3921,08/12/2016 18:01,Chicken Shashlick Curry,1,12.95,5
3810,26/11/2016 16:40,Saag,1,12.95,8
3810,26/11/2016 16:40,Hazary Lamb,1,12.95,8
3785,23/11/2016 17:55,Rogon,1,12.95,7
3773,21/11/2016 18:54,King Prawn Hari Mirch,1,12.95,9
3772,21/11/2016 18:47,King Prawn Hari Mirch,1,12.95,9
3734,18/11/2016 17:55,Chicken Shashlick Curry,1,12.95,4
3654,09/11/2016 18:42,Bengal King Prawn,1,12.95,10
3624,05/11/2016 20:15,Chicken Shashlick Curry,1,12.95,5
3621,05/11/2016 19:44,Bengal King Prawn,1,12.95,5
3528,26/10/2016 19:10,Bengal King Prawn,1,12.95,7
3518,24/10/2016 18:47,Pathia,1,12.95,6
3510,23/10/2016 18:55,King Prawn Hari Mirch,1,12.95,13
3494,22/10/2016 20:11,Bhuna,1,12.95,5
3346,08/10/2016 17:44,Hazary Lamb,1,12.95,6
3317,04/10/2016 19:08,Tandoori King Prawn Garlic,1,12.95,7
3225,24/09/2016 19:50,Chicken Shashlick Curry,1,12.95,6
3153,15/09/2016 18:43,Pathia,1,12.95,4
3114,09/09/2016 17:33,Pathia,1,12.95,7
3088,04/09/2016 13:14,Tandoori King Prawn Masala,1,12.95,6
3087,03/09/2016 22:31,King Prawn Shaslick,1,12.95,4
3042,29/08/2016 17:07,Chicken Shashlick Curry,1,12.95,6
3032,27/08/2016 20:48,Bengal King Prawn,1,12.95,6
2967,20/08/2016 18:55,Bengal Fry Fish,1,12.95,4
2935,14/08/2016 18:08,Dhansak,1,12.95,5
2841,04/08/2016 18:40,Korma,1,12.95,3
2834,03/08/2016 19:39,King Prawn Balti,1,12.95,10
2833,03/08/2016 19:35,King Prawn Balti,1,12.95,10
2742,21/07/2016 18:02,King Prawn Shaslick,1,12.95,4
2712,19/06/2016 17:41,Dhansak,1,12.95,5
2682,12/06/2016 22:16,King Prawn Hari Mirch,1,12.95,4
2655,10/06/2016 18:03,King Prawn Hari Mirch,1,12.95,3
2637,04/06/2016 22:14,King Prawn Shaslick,1,12.95,4
2581,28/05/2016 17:38,Hazary Lamb,1,12.95,6
2577,27/05/2016 22:23,King Prawn Biryani,1,12.95,6
2560,26/05/2016 19:19,Bengal King Prawn,1,12.95,5
2552,24/05/2016 22:03,King Prawn Shaslick,1,12.95,5
2538,21/05/2016 19:28,Lamb Shashlick Curry,1,12.95,3
2518,18/05/2016 18:53,Bengal Fry Fish,1,12.95,7
2509,15/05/2016 19:29,Hazary Lamb,1,12.95,5
2453,07/05/2016 19:09,Hazary Lamb,1,12.95,6
2405,29/04/2016 18:56,Bhuna,1,12.95,4
2390,25/04/2016 18:56,Hazary Lamb,1,12.95,5
2390,25/04/2016 18:56,King Prawn Shaslick,1,12.95,5
2382,24/04/2016 20:10,Chicken Shashlick Curry,1,12.95,8
2313,16/04/2016 17:59,Chicken Shashlick Curry,1,12.95,4
2234,02/04/2016 19:36,King Prawn Hari Mirch,1,12.95,4
2220,01/04/2016 18:52,Lamb Shashlick Curry,1,12.95,10
2176,25/03/2016 16:56,King Prawn Biryani,1,12.95,5
2113,19/03/2016 15:24,Tandoori King Prawn Garlic,1,12.95,8
15409,18/06/2019 19:39,House Red wine 75cl,2,17.95,4
14591,02/05/2019 17:33,House Red wine 75cl,1,17.95,5
12830,05/01/2019 18:14,House white wine 75cl,1,17.95,7
12642,24/12/2018 13:22,House Red wine 75cl,2,17.95,1
12020,13/11/2018 18:55,House Red wine 75cl,2,17.95,4
11918,07/11/2018 17:53,House Red wine 75cl,4,17.95,2
11607,16/10/2018 19:05,House Red wine 75cl,1,17.95,5
10336,18/07/2018 13:14,House white wine 75cl,1,17.95,5
9557,16/05/2018 18:33,House Red wine 75cl,1,17.95,4
9415,05/05/2018 13:14,House white wine 75cl,1,17.95,9
9374,29/04/2018 14:16,House white wine 75cl,2,17.95,46
8914,19/03/2018 18:15,House Red wine 75cl,2,17.95,8
8912,19/03/2018 18:11,House Red wine 75cl,1,17.95,8
8288,24/01/2018 19:16,House Red wine 75cl,1,17.95,6
7769,13/12/2017 19:24,House white wine 75cl,1,17.95,11
7744,11/12/2017 12:55,House Red wine 75cl,2,17.95,4
6907,30/09/2017 15:50,House white wine 75cl,1,17.95,6
6906,30/09/2017 15:44,House white wine 75cl,1,17.95,6
6899,29/09/2017 19:50,House white wine 75cl,1,17.95,5
6789,21/09/2017 16:13,House Red wine 75cl,1,17.95,4
6772,18/09/2017 19:44,House Red wine 75cl,1,17.95,5
6569,31/08/2017 12:41,House white wine 75cl,2,17.95,3
6567,31/08/2017 12:20,House white wine 75cl,2,17.95,1
6566,31/08/2017 10:04,House white wine 75cl,2,17.95,1
6373,14/08/2017 11:58,House white wine 75cl,2,17.95,2
6279,05/08/2017 16:45,House Red wine 75cl,1,17.95,4
6236,30/07/2017 20:03,House Red wine 75cl,1,17.95,3
5943,06/07/2017 18:57,House white wine 75cl,1,17.95,6
5864,29/06/2017 21:24,House Red wine 75cl,1,17.95,4
5669,09/06/2017 18:23,House white wine 75cl,1,17.95,6
5409,12/05/2017 20:41,House white wine 75cl,1,17.95,5
5395,11/05/2017 19:07,House white wine 75cl,1,17.95,4
4760,12/03/2017 19:42,House Red wine 75cl,2,17.95,6
4561,14/02/2017 20:58,House white wine 75cl,1,17.95,3
4544,13/02/2017 18:01,House Red wine 75cl,2,17.95,6
4303,18/01/2017 18:53,House Red wine 75cl,2,17.95,4
4178,03/01/2017 19:27,House white wine 75cl,1,17.95,5
3972,13/12/2016 18:49,House Red wine 75cl,2,17.95,6
3909,05/12/2016 19:44,House Red wine 75cl,1,17.95,10
3681,12/11/2016 18:36,House Red wine 75cl,2,17.95,6
3449,17/10/2016 12:08,House Red wine 75cl,2,17.95,7
3229,25/09/2016 13:41,House Red wine 75cl,1,17.95,9
3154,15/09/2016 18:45,House Red wine 75cl,2,17.95,5
3146,13/09/2016 18:20,House Red wine 75cl,2,17.95,4
2814,31/07/2016 12:51,House Red wine 75cl,1,17.95,11
2813,31/07/2016 12:49,House white wine 75cl,1,17.95,13
2730,18/07/2016 19:57,House Red wine 75cl,1,17.95,6
2518,18/05/2016 18:53,House Red wine 75cl,2,17.95,7
2467,10/05/2016 13:18,House Red wine 75cl,2,17.95,9
2249,07/04/2016 19:04,House white wine 75cl,1,17.95,6
1403,02/10/2015 17:29,House Red wine 75cl,1,17.95,9
15908,21/07/2019 17:50,Bengal King Prawn,1,12.95,4
15840,18/07/2019 18:38,King Prawn Shaslick,51,12.95,1
15838,18/07/2019 18:26,Lamb Shashlick Curry,1,12.95,9
15831,17/07/2019 19:08,Dhansak - King Prawn,1,12.95,5
15755,12/07/2019 19:56,Bhuna - King Prawn,1,12.95,5
15714,09/07/2019 19:04,Tandoori King Prawn Garlic,1,12.95,5
15690,07/07/2019 18:24,Dhansak - King Prawn,1,12.95,4
15652,06/07/2019 15:15,Tandoori King Prawn Garlic,1,12.95,5
15606,02/07/2019 20:13,Hazary Lamb Chilli Garlic,1,12.95,9
15542,28/06/2019 19:09,Lamb Shashlick Curry,1,12.95,4
15539,28/06/2019 18:58,Chicken Shashlick Curry,1,12.95,5
15524,27/06/2019 20:10,Tandoori King Prawn Garlic,1,12.95,6
15456,22/06/2019 17:49,King Prawn Shaslick,1,12.95,7
15409,18/06/2019 19:39,Hazary Lamb Chilli Garlic,1,12.95,4
15314,13/06/2019 18:43,Pathia - King Prawn,1,12.95,4
15191,05/06/2019 11:29,Chicken Shashlick Curry,1,12.95,11
15171,04/06/2019 12:10,Chicken Shashlick Curry,1,12.95,11
15024,25/05/2019 18:56,Dhansak - King Prawn,1,12.95,9
15012,25/05/2019 17:55,Hazary Lamb,1,12.95,2
15002,24/05/2019 20:16,Hazary Lamb Chilli Garlic,1,12.95,3
14995,24/05/2019 18:45,Tandoori King Prawn Masala,1,12.95,8
14884,18/05/2019 17:34,Bengal King Prawn,1,12.95,5
14880,18/05/2019 16:42,Tandoori King Prawn Garlic,1,12.95,9
14870,17/05/2019 19:28,King Prawn Biryani,1,12.95,4
14845,16/05/2019 17:23,Tandoori King Prawn Masala,1,12.95,6
14825,15/05/2019 18:11,King Prawn Hari Mirch,1,12.95,7
14719,09/05/2019 17:44,Lamb Shashlick Curry,1,12.95,8
14691,06/05/2019 18:41,Bengal King Prawn,1,12.95,7
14637,04/05/2019 18:57,Dhansak - King Prawn,1,12.95,8
14610,03/05/2019 19:07,Chicken Shashlick Curry,1,12.95,5
14605,03/05/2019 17:26,Chicken Shashlick Curry,1,12.95,7
14591,02/05/2019 17:33,Tandoori King Prawn Garlic,1,12.95,5
14587,01/05/2019 21:38,Bengal King Prawn,1,12.95,5
14489,26/04/2019 13:47,Bengal Fish Biryani,2,12.95,2
14477,24/04/2019 20:54,King Prawn Shaslick,1,12.95,6
14435,21/04/2019 17:34,Bengal Fish Karahi,1,12.95,6
14431,20/04/2019 20:17,Rogon - King Prawn,1,12.95,12
14404,19/04/2019 19:01,Tandoori King Prawn Garlic,1,12.95,5
14396,19/04/2019 17:43,King Prawn Biryani,1,12.95,14
14395,19/04/2019 17:02,Saag - King Prawn,1,12.95,3
14266,11/04/2019 20:45,Tandoori King Prawn Garlic,1,12.95,4
14223,07/04/2019 18:51,King Prawn Biryani,1,12.95,6
14209,06/04/2019 19:35,Bengal King Prawn,1,12.95,4
14208,06/04/2019 19:27,Dhansak - King Prawn,1,12.95,8
14178,05/04/2019 20:22,Tandoori King Prawn Garlic,1,12.95,6
14173,05/04/2019 19:53,King Prawn Shaslick,1,12.95,7
14127,01/04/2019 17:23,Korma - King Prawn,1,12.95,7
14015,28/03/2019 13:46,Hazary Lamb Chilli Garlic,1,12.95,3
13940,22/03/2019 19:34,Chicken Shashlick Curry,1,12.95,6
13867,16/03/2019 21:51,Tandoori King Prawn Masala,1,12.95,6
13814,14/03/2019 19:52,King Prawn Hari Mirch,1,12.95,6
13814,14/03/2019 19:52,Tandoori King Prawn Masala,1,12.95,6
13783,11/03/2019 18:09,Bengal King Prawn,1,12.95,5
13556,23/02/2019 20:25,Chicken Shashlick Curry,1,12.95,7
13480,18/02/2019 17:46,Bengal King Prawn,1,12.95,8
13413,15/02/2019 17:08,Hazary Lamb,1,12.95,9
13413,15/02/2019 17:08,Chicken Shashlick Curry,1,12.95,9
13388,14/02/2019 17:26,Tandoori King Prawn Garlic,1,12.95,7
13302,08/02/2019 17:27,Tandoori King Prawn Garlic,1,12.95,7
13300,07/02/2019 21:13,Hazary Lamb Chilli Garlic,1,12.95,3
13295,07/02/2019 18:42,Korma - King Prawn,1,12.95,3
13287,07/02/2019 16:21,Korma - King Prawn,1,12.95,5
13278,06/02/2019 18:20,Tandoori King Prawn Masala,1,12.95,3
13268,05/02/2019 19:13,Korma - King Prawn,1,12.95,3
13250,03/02/2019 20:25,Chicken Shashlick Curry,1,12.95,7
13232,02/02/2019 19:43,Chicken Shashlick Curry,1,12.95,6
13177,31/01/2019 22:33,Tandoori King Prawn Masala,1,12.95,3
13175,31/01/2019 20:14,Tandoori King Prawn Garlic,1,12.95,4
13045,23/01/2019 18:34,Chicken Shashlick Curry,1,12.95,4
12977,18/01/2019 18:03,Dupiaza - King Prawn,1,12.95,3
12965,17/01/2019 18:47,Korma - King Prawn,1,12.95,6
12963,17/01/2019 18:14,Tandoori King Prawn Garlic,1,12.95,7
12934,13/01/2019 18:29,Tandoori King Prawn Masala,1,12.95,6
12925,12/01/2019 22:24,King Prawn Shaslick,1,12.95,3
12896,11/01/2019 18:54,Tandoori King Prawn Masala,1,12.95,7
12879,10/01/2019 19:03,Hazary Lamb,1,12.95,7
12842,05/01/2019 19:39,Rogon - King Prawn,1,12.95,15
12804,04/01/2019 18:20,Tandoori King Prawn Garlic,1,12.95,8
12772,01/01/2019 18:55,King Prawn Karahi,1,12.95,7
12747,31/12/2018 18:32,Bengal King Prawn,2,12.95,11
12738,31/12/2018 17:12,King Prawn Hari Mirch,1,12.95,13
12630,23/12/2018 18:36,Bengal King Prawn,1,12.95,13
12630,23/12/2018 18:36,King Prawn Shaslick,1,12.95,13
12610,22/12/2018 19:25,Hazary Lamb,1,12.95,8
12602,22/12/2018 18:51,King Prawn Biryani,1,12.95,6
12600,22/12/2018 18:23,Tandoori King Prawn Garlic,1,12.95,6
12570,21/12/2018 12:23,Tandoori King Prawn Masala,1,12.95,4
12493,15/12/2018 18:01,Tandoori King Prawn Masala,1,12.95,4
12486,15/12/2018 17:17,Tandoori King Prawn Garlic,1,12.95,12
12479,15/12/2018 12:42,Hazary Lamb Chilli Garlic,1,12.95,2
12468,14/12/2018 19:02,Chicken Shashlick Curry,1,12.95,4
12456,14/12/2018 17:37,King Prawn Shaslick,1,12.95,5
12453,13/12/2018 20:35,Tandoori King Prawn Masala,1,12.95,5
12376,08/12/2018 18:19,Bengal King Prawn,1,12.95,5
12364,07/12/2018 19:36,Bengal Fry Fish,1,12.95,7
12330,05/12/2018 16:50,Tandoori King Prawn Garlic,1,12.95,4
12295,01/12/2018 22:54,King Prawn Shaslick,1,12.95,5
12283,01/12/2018 18:25,Tandoori King Prawn Garlic,1,12.95,10
12261,30/11/2018 20:17,Tandoori King Prawn Garlic,1,12.95,7
12240,30/11/2018 18:03,King Prawn Biryani,1,12.95,15
12194,25/11/2018 18:12,Chicken Shashlick Curry,1,12.95,11
12174,24/11/2018 18:11,Dhansak - King Prawn,1,12.95,8
12160,23/11/2018 19:20,Tandoori King Prawn Garlic,1,12.95,9
12129,20/11/2018 20:21,King Prawn Karahi,1,12.95,3
12096,17/11/2018 19:51,Tandoori King Prawn Masala,1,12.95,7
12092,17/11/2018 19:28,Tandoori King Prawn Garlic,1,12.95,8
12028,14/11/2018 18:28,Hazary Lamb Chilli Garlic,1,12.95,4
11978,10/11/2018 18:54,Hazary Lamb,1,12.95,14
11855,03/11/2018 15:57,Bhuna - King Prawn,1,12.95,4
11851,02/11/2018 21:06,King Prawn Shaslick,1,12.95,6
11831,02/11/2018 18:00,Tandoori King Prawn Masala,1,12.95,3
11810,31/10/2018 18:11,Bengal Fish Karahi,1,12.95,10
11799,29/10/2018 20:37,King Prawn Hari Mirch,1,12.95,4
11775,28/10/2018 15:04,Saag - King Prawn,1,12.95,9
11728,26/10/2018 17:40,Dhansak - King Prawn,1,12.95,5
11669,20/10/2018 17:50,Dhansak - King Prawn,1,12.95,9
11648,19/10/2018 18:30,Korma - King Prawn,1,12.95,6
11622,17/10/2018 22:24,Bengal King Prawn,1,12.95,5
11607,16/10/2018 19:05,Hazary Lamb Chilli Garlic,2,12.95,5
11606,16/10/2018 18:15,King Prawn Hari Mirch,1,12.95,5
11484,07/10/2018 17:49,King Prawn Hari Mirch,1,12.95,7
11464,06/10/2018 18:25,Tandoori King Prawn Garlic,1,12.95,5
11439,05/10/2018 17:35,Tandoori King Prawn Masala,1,12.95,4
11430,04/10/2018 19:35,Tandoori King Prawn Garlic,1,12.95,7
11410,02/10/2018 18:00,Tandoori King Prawn Masala,1,12.95,5
11343,28/09/2018 19:07,Bengal Fish Biryani,1,12.95,5
11285,22/09/2018 20:48,Tandoori King Prawn Masala,1,12.95,6
11261,22/09/2018 17:58,Bengal King Prawn,1,12.95,9
11251,21/09/2018 20:10,Lamb Shashlick Curry,1,12.95,6
11237,21/09/2018 12:47,Hazary Lamb,1,12.95,6
11237,21/09/2018 12:47,Hazary Lamb Chilli Garlic,1,12.95,6
11216,19/09/2018 13:20,Bengal Fish Biryani,2,12.95,1
11193,16/09/2018 22:18,Bengal Fish Biryani,2,12.95,1
11149,15/09/2018 17:20,King Prawn Hari Mirch,1,12.95,9
11098,11/09/2018 22:08,King Prawn Biryani,1,12.95,3
11061,08/09/2018 19:43,Chicken Shashlick Curry,1,12.95,6
11040,07/09/2018 20:20,Chicken Shashlick Curry,1,12.95,7
11001,04/09/2018 22:29,Tandoori King Prawn Garlic,1,12.95,3
10981,02/09/2018 21:23,King Prawn Hari Mirch,1,12.95,6
10980,02/09/2018 21:03,Bengal Fish Biryani,1,12.95,1
10935,30/08/2018 17:56,King Prawn Hari Mirch,1,12.95,5
10874,26/08/2018 19:15,Bengal King Prawn,1,12.95,6
10854,25/08/2018 18:43,Hazary Lamb,1,12.95,5
10851,25/08/2018 18:12,Tandoori King Prawn Garlic,1,12.95,5
10742,18/08/2018 17:27,Bhuna - King Prawn,1,12.95,4
10717,17/08/2018 14:11,Hazary Lamb Chilli Garlic,1,12.95,4
10712,16/08/2018 20:50,Tandoori King Prawn Masala,1,12.95,7
10624,10/08/2018 16:44,Hazary Lamb,1,12.95,6
10603,07/08/2018 20:03,Tandoori King Prawn Garlic,1,12.95,3
10581,05/08/2018 17:37,Pathia - King Prawn,1,12.95,3
10531,01/08/2018 19:13,King Prawn Karahi,1,12.95,7
10513,30/07/2018 18:23,Pathia - King Prawn,1,12.95,8
10497,29/07/2018 17:58,Chicken Shashlick Curry,1,12.95,9
10479,28/07/2018 19:11,Tandoori King Prawn Masala,1,12.95,7
10473,28/07/2018 17:55,King Prawn Hari Mirch,1,12.95,4
10457,27/07/2018 18:50,Saag - King Prawn,1,12.95,8
10456,27/07/2018 18:43,Bengal King Prawn,1,12.95,6
10379,21/07/2018 18:13,Tandoori King Prawn Garlic,1,12.95,9
10345,18/07/2018 18:54,Tandoori King Prawn Garlic,1,12.95,5
10341,18/07/2018 18:11,King Prawn Hari Mirch,1,12.95,6
10327,16/07/2018 17:16,Bengal King Prawn,1,12.95,5
10279,13/07/2018 17:17,Saag - King Prawn,1,12.95,2
10217,06/07/2018 22:41,King Prawn Shaslick,1,12.95,6
10185,04/07/2018 21:47,Hazary Lamb Chilli Garlic,1,12.95,2
10119,30/06/2018 18:36,Lamb Shashlick Curry,1,12.95,5
10102,28/06/2018 18:57,King Prawn Karahi,1,12.95,7
10086,27/06/2018 09:58,King Prawn Shaslick,1,12.95,11
10039,23/06/2018 17:35,Bengal Fish Biryani,1,12.95,5
10001,19/06/2018 18:16,King Prawn Biryani,1,12.95,3
9988,17/06/2018 19:16,King Prawn Shaslick,1,12.95,11
9951,15/06/2018 22:26,King Prawn Shaslick,1,12.95,7
9947,15/06/2018 19:48,Korma - King Prawn,1,12.95,10
9907,13/06/2018 18:08,Hazary Lamb Chilli Garlic,1,12.95,2
9874,10/06/2018 17:39,Bengal Fish Karahi,1,12.95,18
9874,10/06/2018 17:39,Bengal King Prawn,1,12.95,18
9862,09/06/2018 19:17,Bengal King Prawn,2,12.95,5
9838,08/06/2018 19:16,Tandoori King Prawn Masala,1,12.95,3
9746,01/06/2018 17:58,Bengal King Prawn,1,12.95,15
9746,01/06/2018 17:58,King Prawn Hari Mirch,1,12.95,15
9741,31/05/2018 22:26,King Prawn Shaslick,1,12.95,6
9705,28/05/2018 20:19,Saag - King Prawn,1,12.95,2
9687,27/05/2018 17:41,Hazary Lamb,1,12.95,4
9623,23/05/2018 18:41,Saag - King Prawn,1,12.95,3
9613,21/05/2018 22:15,Bengal Fish Biryani,1,12.95,2
9595,20/05/2018 17:03,Tandoori King Prawn Garlic,1,12.95,3
9504,12/05/2018 18:46,Hazary Lamb Chilli Garlic,1,12.95,4
9497,12/05/2018 17:56,Hazary Lamb,1,12.95,4
9467,11/05/2018 10:26,Tandoori King Prawn Masala,1,12.95,3
9461,10/05/2018 19:15,King Prawn Biryani,1,12.95,7
9420,06/05/2018 14:49,Bengal Fish Biryani,1,12.95,11
9420,06/05/2018 14:49,Hazary Lamb Chilli Garlic,1,12.95,11
9420,06/05/2018 14:49,King Prawn Hari Mirch,1,12.95,11
9419,06/05/2018 14:18,Dupiaza - King Prawn,1,12.95,7
9413,05/05/2018 13:01,King Prawn Karahi,1,12.95,27
9413,05/05/2018 13:01,King Prawn Biryani,1,12.95,27
9412,05/05/2018 12:56,Rogon - King Prawn,1,12.95,60
9412,05/05/2018 12:56,Saag - King Prawn,1,12.95,60
9411,05/05/2018 12:45,Bengal King Prawn,1,12.95,45
9411,05/05/2018 12:45,Chicken Shashlick Curry,1,12.95,45
9408,03/05/2018 18:32,Hazary Lamb Chilli Garlic,1,12.95,10
9369,29/04/2018 13:31,Hazary Lamb Chilli Garlic,1,12.95,4
9368,29/04/2018 13:29,Hazary Lamb Chilli Garlic,1,12.95,4
9359,25/04/2018 18:05,Dhansak,1,12.95,5
9355,24/04/2018 21:24,Chicken Shashlick Curry,1,12.95,8
9353,24/04/2018 20:04,King Prawn Hari Mirch,1,12.95,5
9345,24/04/2018 17:37,King Prawn Biryani,1,12.95,4
9278,20/04/2018 19:14,Dupiaza,1,12.95,9
9236,17/04/2018 18:41,Bengal King Prawn,1,12.95,5
9200,14/04/2018 18:57,King Prawn Shaslick,1,12.95,6
9195,14/04/2018 18:36,Chicken Shashlick Curry,1,12.95,10
9150,10/04/2018 18:35,King Prawn Shaslick,1,12.95,4
9127,07/04/2018 21:33,Tandoori King Prawn Garlic,1,12.95,6
9116,07/04/2018 18:31,Chicken Shashlick Curry,1,12.95,6
9082,05/04/2018 18:57,King Prawn Karahi,1,12.95,8
9022,30/03/2018 18:15,Bhuna,1,12.95,5
9020,30/03/2018 17:41,Lamb Shashlick Curry,1,12.95,9
8942,22/03/2018 19:04,Bhuna,1,12.95,8
8913,19/03/2018 18:16,Hazary Lamb Chilli Garlic,1,12.95,7
8911,19/03/2018 18:08,King Prawn Balti,1,12.95,9
8888,17/03/2018 19:13,Dhansak,1,12.95,5
8876,17/03/2018 16:59,Korma,1,12.95,6
8862,16/03/2018 18:11,Korma,1,12.95,5
8752,05/03/2018 19:01,Bhuna,1,12.95,8
8726,03/03/2018 18:55,Hazary Lamb Chilli Garlic,1,12.95,6
8685,02/03/2018 12:36,Bengal King Prawn,3,12.95,7
8677,28/02/2018 21:51,King Prawn Shaslick,1,12.95,4
8671,28/02/2018 16:18,Bengal King Prawn,1,12.95,6
8648,25/02/2018 19:15,Hazary Lamb,1,12.95,8
8636,24/02/2018 22:43,King Prawn Shaslick,1,12.95,6
8585,21/02/2018 19:46,Tandoori King Prawn Masala,1,12.95,6
8556,17/02/2018 17:41,Tandoori King Prawn Masala,1,12.95,3
8527,15/02/2018 17:12,Bengal Fish Biryani,1,12.95,7
8485,11/02/2018 18:39,Bengal King Prawn,1,12.95,4
8425,04/02/2018 20:17,Tandoori King Prawn Garlic,1,12.95,5
8365,31/01/2018 19:27,King Prawn Shaslick,1,12.95,4
8333,27/01/2018 19:52,King Prawn Biryani,1,12.95,3
8324,27/01/2018 18:20,Bhuna,1,12.95,4
8323,27/01/2018 17:51,Tandoori King Prawn Masala,1,12.95,11
8309,26/01/2018 18:44,Hazary Lamb Chilli Garlic,1,12.95,6
8294,25/01/2018 19:01,King Prawn Balti,1,12.95,6
8261,21/01/2018 18:08,Tandoori King Prawn Garlic,1,12.95,9
8219,19/01/2018 17:54,King Prawn Shaslick,1,12.95,4
8177,13/01/2018 18:49,Pathia,1,12.95,13
8120,08/01/2018 19:05,Bengal King Prawn,1,12.95,7
7948,27/12/2017 22:12,King Prawn Shaslick,1,12.95,6
7909,23/12/2017 19:05,King Prawn Biryani,1,12.95,6
7898,22/12/2017 20:42,Tandoori King Prawn Masala,1,12.95,13
7885,22/12/2017 12:15,Bengal King Prawn,1,12.95,11
7857,19/12/2017 22:16,Chicken Shashlick Curry,1,12.95,8
7852,19/12/2017 18:27,Bhuna,1,12.95,5
7846,19/12/2017 12:25,Lamb Shashlick Curry,1,12.95,15
7839,18/12/2017 18:34,Bhuna,1,12.95,7
7823,17/12/2017 18:06,Hazary Lamb,1,12.95,8
7767,13/12/2017 18:21,Dhansak,1,12.95,22
7743,10/12/2017 22:26,Chicken Shashlick Curry,1,12.95,3
7738,10/12/2017 18:23,Lamb Shashlick Curry,1,12.95,9
7736,10/12/2017 17:14,Bengal King Prawn,1,12.95,9
7709,09/12/2017 17:33,King Prawn Shaslick,1,12.95,3
7667,07/12/2017 18:34,King Prawn Shaslick,1,12.95,4
7646,04/12/2017 19:22,Bhuna,1,12.95,10
7596,01/12/2017 22:24,King Prawn Shaslick,1,12.95,6
7594,01/12/2017 19:45,Saag,1,12.95,5
7591,01/12/2017 18:30,Saag,1,12.95,2
7591,01/12/2017 18:30,Tandoori King Prawn Masala,1,12.95,2
7582,30/11/2017 18:12,Bengal King Prawn,1,12.95,8
7483,22/11/2017 14:05,King Prawn Biryani,1,12.95,2
7472,20/11/2017 20:01,Bhuna,1,12.95,8
7420,17/11/2017 17:35,Lamb Shashlick Curry,1,12.95,4
7409,16/11/2017 20:58,Tandoori King Prawn Garlic,1,12.95,4
7403,16/11/2017 11:27,Hazary Lamb Chilli Garlic,1,12.95,13
7347,10/11/2017 21:52,King Prawn Shaslick,1,12.95,6
7316,06/11/2017 19:00,Bhuna,1,12.95,8
7193,27/10/2017 17:31,Bhuna,1,12.95,5
7165,23/10/2017 19:08,King Prawn Karahi,1,12.95,8
7163,23/10/2017 18:40,King Prawn Biryani,1,12.95,4
7156,22/10/2017 17:41,Tandoori King Prawn Garlic,1,12.95,4
7099,15/10/2017 12:18,Bengal Fish Karahi,1,12.95,7
7078,14/10/2017 17:56,Hazary Lamb,1,12.95,3
7047,13/10/2017 13:16,Bengal King Prawn,1,12.95,6
7044,12/10/2017 18:23,Saag,1,12.95,2
7031,11/10/2017 18:42,King Prawn Karahi,1,12.95,12
7013,09/10/2017 18:56,King Prawn Karahi,2,12.95,8
7002,08/10/2017 18:45,King Prawn Hari Mirch,1,12.95,3
6976,06/10/2017 22:31,King Prawn Shaslick,1,12.95,6
6968,06/10/2017 18:13,Dhansak,1,12.95,4
6866,27/09/2017 17:43,Hazary Lamb,1,12.95,6
6854,26/09/2017 10:50,Tandoori King Prawn Masala,2,12.95,20
6849,25/09/2017 18:48,King Prawn Karahi,1,12.95,8
6844,24/09/2017 20:08,King Prawn Shaslick,1,12.95,3
6783,20/09/2017 17:56,Hazary Lamb Chilli Garlic,1,12.95,2
6782,20/09/2017 17:41,Hazary Lamb Chilli Garlic,1,12.95,2
6773,18/09/2017 20:00,Korma,1,12.95,7
6612,03/09/2017 18:27,Bengal Fish Karahi,1,12.95,11
6606,03/09/2017 16:26,Tandoori King Prawn Garlic,1,12.95,10
6455,20/08/2017 20:05,Hazary Lamb Chilli Garlic,1,12.95,2
6368,13/08/2017 19:55,Hazary Lamb,1,12.95,5
6352,12/08/2017 18:25,King Prawn Shaslick,1,12.95,11
6340,11/08/2017 18:48,Chicken Shashlick Curry,1,12.95,5
6270,04/08/2017 19:15,Korma,1,12.95,12
6214,29/07/2017 18:17,Pathia,1,12.95,3
6154,22/07/2017 22:25,King Prawn Shaslick,1,12.95,5
6091,18/07/2017 17:30,Hazary Lamb,1,12.95,6
6008,11/07/2017 19:25,Tandoori King Prawn Masala,1,12.95,7
5954,07/07/2017 17:52,Bhuna,1,12.95,4
5918,03/07/2017 20:39,Tandoori King Prawn Garlic,1,12.95,13
5913,03/07/2017 18:29,Rogon,1,12.95,8
5863,29/06/2017 20:24,Tandoori King Prawn Masala,1,12.95,7
5790,23/06/2017 19:26,Bengal King Prawn,1,12.95,4
5788,23/06/2017 19:01,Lamb Shashlick Curry,1,12.95,5
5782,23/06/2017 18:46,Chicken Shashlick Curry,1,12.95,9
5767,21/06/2017 18:38,King Prawn Karahi,1,12.95,6
5735,17/06/2017 17:35,Bhuna,1,12.95,5
5729,16/06/2017 19:04,Bengal Fish Karahi,1,12.95,15
5699,11/06/2017 19:29,Chicken Shashlick Curry,1,12.95,8
5695,11/06/2017 18:54,Lamb Shashlick Curry,1,12.95,5
5683,10/06/2017 19:51,Hazary Lamb,1,12.95,5
5672,09/06/2017 19:33,Pathia,1,12.95,3
5620,04/06/2017 13:48,Bengal King Prawn,1,12.95,7
5617,03/06/2017 22:27,King Prawn Biryani,1,12.95,5
5585,01/06/2017 20:04,Lamb Shashlick Curry,1,12.95,6
5536,27/05/2017 19:42,Rogon,1,12.95,8
5522,26/05/2017 19:04,Saag,1,12.95,10
5496,23/05/2017 18:45,Hazary Lamb,1,12.95,7
5472,19/05/2017 19:39,Hazary Lamb,1,12.95,3
5470,19/05/2017 19:28,Tandoori King Prawn Masala,1,12.95,3
5444,16/05/2017 19:32,Hazary Lamb,1,12.95,2
5425,14/05/2017 15:44,Bengal Fish Biryani,1,12.95,16
5421,13/05/2017 20:03,Dhansak,1,12.95,6
5412,13/05/2017 17:31,Dhansak,1,12.95,5
5411,13/05/2017 17:27,King Prawn Shaslick,1,12.95,5
5351,06/05/2017 20:01,King Prawn Shaslick,1,12.95,7
5344,06/05/2017 18:12,Bengal Fish Biryani,1,12.95,7
5316,04/05/2017 18:42,Tandoori King Prawn Garlic,1,12.95,3
5250,28/04/2017 17:04,Korma,1,12.95,5
5215,24/04/2017 22:08,King Prawn Shaslick,1,12.95,5
5215,24/04/2017 22:08,Hazary Lamb,1,12.95,5
5212,24/04/2017 19:04,Tandoori King Prawn Garlic,1,12.95,8
5168,21/04/2017 18:16,Tandoori King Prawn Masala,1,12.95,7
5091,14/04/2017 19:31,Tandoori King Prawn Masala,1,12.95,6
5018,07/04/2017 22:24,King Prawn Shaslick,1,12.95,5
4943,31/03/2017 22:56,King Prawn Shaslick,1,12.95,4
4940,31/03/2017 19:36,Tandoori King Prawn Garlic,1,12.95,9
4885,26/03/2017 13:07,King Prawn Shaslick,1,12.95,3
4879,25/03/2017 19:16,Chicken Shashlick Curry,1,12.95,6
4878,25/03/2017 18:16,Saag,1,12.95,7
4871,24/03/2017 22:44,Bengal Fry Fish,1,12.95,4
4867,24/03/2017 19:49,King Prawn Shaslick,1,12.95,4
4811,18/03/2017 16:31,King Prawn Hari Mirch,1,12.95,7
4807,17/03/2017 22:07,King Prawn Shaslick,1,12.95,5
4772,15/03/2017 18:08,Bengal King Prawn,1,12.95,4
4747,11/03/2017 18:18,Bengal King Prawn,1,12.95,7
4662,25/02/2017 22:32,King Prawn Shaslick,1,12.95,4
4653,25/02/2017 17:41,King Prawn Biryani,1,12.95,6
4628,23/02/2017 18:20,Lamb Shashlick Curry,1,12.95,1
4579,17/02/2017 18:06,Lamb Shashlick Curry,1,12.95,10
4533,11/02/2017 20:33,Bengal King Prawn,1,12.95,7
4494,08/02/2017 15:58,Tandoori King Prawn Masala,2,12.95,7
4490,07/02/2017 17:40,Bengal King Prawn,1,12.95,8
4476,04/02/2017 22:53,King Prawn Shaslick,1,12.95,4
4460,04/02/2017 17:30,Tandoori King Prawn Garlic,2,12.95,5
4450,03/02/2017 13:58,Hazary Lamb,2,12.95,6
4441,01/02/2017 19:07,Bengal King Prawn,1,12.95,7
4430,31/01/2017 17:38,Chicken Shashlick Curry,1,12.95,4
4429,31/01/2017 17:21,Chicken Shashlick Curry,1,12.95,4
4420,28/01/2017 22:29,King Prawn Hari Mirch,1,12.95,6
4394,27/01/2017 19:13,King Prawn Shaslick,1,12.95,7
4322,20/01/2017 18:18,Tandoori King Prawn Masala,1,12.95,9
4303,18/01/2017 18:53,Tandoori King Prawn Masala,1,12.95,4
4286,15/01/2017 17:23,King Prawn Shaslick,1,12.95,8
4279,14/01/2017 19:15,Tandoori King Prawn Garlic,1,12.95,19
4273,14/01/2017 10:10,King Prawn Hari Mirch,1,12.95,7
4234,08/01/2017 17:13,Korma,1,12.95,8
4177,03/01/2017 19:07,Chicken Shashlick Curry,1,12.95,12
4125,30/12/2016 18:42,Bengal King Prawn,1,12.95,4
4124,30/12/2016 18:13,Hazary Lamb,1,12.95,5
4115,28/12/2016 21:56,Hazary Lamb,1,12.95,6
4112,28/12/2016 19:44,Hazary Lamb,1,12.95,4
4081,24/12/2016 16:10,Hazary Lamb,1,12.95,6
3978,15/12/2016 17:47,Bengal King Prawn,1,12.95,6
3978,15/12/2016 17:47,King Prawn Hari Mirch,1,12.95,6
3977,15/12/2016 12:04,Bengal King Prawn,1,12.95,10
3972,13/12/2016 18:49,Lamb Shashlick Curry,1,12.95,6
3954,10/12/2016 19:53,Chicken Shashlick Curry,1,12.95,6
3880,02/12/2016 20:24,King Prawn Shaslick,1,12.95,14
3878,02/12/2016 20:04,Hazary Lamb,1,12.95,9
3829,27/11/2016 17:57,Chicken Shashlick Curry,1,12.95,5
3814,26/11/2016 17:25,Hazary Lamb,1,12.95,13
3779,22/11/2016 18:58,Bengal Fry Fish,1,12.95,8
3760,20/11/2016 18:24,Bengal Fry Fish,1,12.95,4
3746,19/11/2016 18:00,Hazary Lamb,1,12.95,15
3681,12/11/2016 18:36,Hazary Lamb,1,12.95,6
3680,12/11/2016 18:57,King Prawn Shaslick,1,12.95,8
3673,11/11/2016 19:23,Lamb Shashlick Curry,1,12.95,6
3600,04/11/2016 19:02,Bengal King Prawn,1,12.95,10
3504,23/10/2016 16:03,Tandoori King Prawn Garlic,3,12.95,1
3360,09/10/2016 19:03,Chicken Shashlick Curry,1,12.95,9
3279,30/09/2016 23:01,King Prawn Shaslick,1,12.95,4
3275,30/09/2016 19:48,Chicken Shashlick Curry,1,12.95,5
3260,29/09/2016 15:44,King Prawn Karahi,1,12.95,3
3258,27/09/2016 21:55,Tandoori King Prawn Masala,1,12.95,7
3249,26/09/2016 17:44,King Prawn Shaslick,1,12.95,6
3237,25/09/2016 16:08,Tandoori King Prawn Masala,2,12.95,5
3237,25/09/2016 16:08,Tandoori King Prawn Garlic,1,12.95,5
3221,24/09/2016 18:46,Tandoori King Prawn Garlic,1,12.95,9
3197,20/09/2016 19:02,Bengal King Prawn,1,12.95,5
3139,11/09/2016 18:17,Hazary Lamb,1,12.95,6
3135,10/09/2016 21:13,Tandoori King Prawn Garlic,1,12.95,6
3091,04/09/2016 17:55,Chicken Shashlick Curry,1,12.95,8
3085,03/09/2016 20:56,Bengal King Prawn,2,12.95,6
3085,03/09/2016 20:56,Lamb Shashlick Curry,1,12.95,6
3044,29/08/2016 18:39,Bengal Fish Karahi,1,12.95,8
2963,19/08/2016 22:57,Bengal Fry Fish,1,12.95,3
2957,19/08/2016 17:52,King Prawn Shaslick,1,12.95,7
2899,11/08/2016 19:21,Chicken Shashlick Curry,1,12.95,8
2841,04/08/2016 18:40,Bengal Fish Biryani,1,12.95,3
2840,04/08/2016 14:41,Tandoori King Prawn Garlic,1,12.95,6
2840,04/08/2016 14:41,Tandoori King Prawn Masala,1,12.95,6
2832,03/08/2016 19:34,King Prawn Hari Mirch,1,12.95,2
2821,02/08/2016 18:44,Hazary Lamb,1,12.95,10
2816,31/07/2016 15:15,King Prawn Biryani,1,12.95,6
2770,23/07/2016 20:02,Chicken Shashlick Curry,1,12.95,8
2734,19/07/2016 18:16,Hazary Lamb,1,12.95,7
2730,18/07/2016 19:57,Lamb Shashlick Curry,1,12.95,6
2682,12/06/2016 22:16,King Prawn Shaslick,1,12.95,4
2628,04/06/2016 13:38,Hazary Lamb,1,12.95,7
2628,04/06/2016 13:38,Bengal Fish Karahi,1,12.95,7
2597,30/05/2016 17:18,Lamb Shashlick Curry,1,12.95,11
2586,28/05/2016 19:16,Bengal King Prawn,1,12.95,8
2535,21/05/2016 18:35,King Prawn Hari Mirch,1,12.95,7
2439,06/05/2016 12:04,Chicken Shashlick Curry,2,12.95,15
2382,24/04/2016 20:10,Dhansak,1,12.95,8
2353,22/04/2016 18:49,King Prawn Biryani,1,12.95,17
2338,20/04/2016 18:48,Hazary Lamb,1,12.95,6
2337,20/04/2016 18:40,Bengal Fry Fish,1,12.95,6
2324,17/04/2016 19:47,King Prawn Shaslick,1,12.95,4
2283,13/04/2016 12:40,Hazary Lamb,1,12.95,7
2279,12/04/2016 18:34,Tandoori King Prawn Masala,1,12.95,8
2265,09/04/2016 20:00,Bengal King Prawn,1,12.95,5
2134,21/03/2016 19:49,Lamb Shashlick Curry,1,12.95,6
2128,20/03/2016 18:23,Bengal King Prawn,1,12.95,3
2119,19/03/2016 19:50,Chicken Shashlick Curry,1,12.95,5
2113,19/03/2016 15:24,Tandoori King Prawn Masala,1,12.95,8
2095,18/03/2016 17:51,King Prawn Shaslick,1,12.95,4
15416,19/06/2019 18:20,House Red wine 75cl,2,17.95,5
13915,21/03/2019 13:26,House Red wine 75cl,1,17.95,5
13051,24/01/2019 16:52,House white wine 75cl,1,17.95,5
12819,05/01/2019 12:41,House white wine 75cl,1,17.95,3
12794,03/01/2019 18:28,House white wine 75cl,1,17.95,4
12765,31/12/2018 21:56,House Red wine 75cl,1,17.95,7
12569,21/12/2018 11:31,House Red wine 75cl,1,17.95,3
11622,17/10/2018 22:24,House Red wine 75cl,1,17.95,5
11498,08/10/2018 17:23,House Red wine 75cl,1,17.95,5
11451,05/10/2018 20:30,House white wine 75cl,1,17.95,6
9782,03/06/2018 14:57,House white wine 75cl,1,17.95,14
9415,05/05/2018 13:14,House Red wine 75cl,1,17.95,9
9374,29/04/2018 14:16,House Red wine 75cl,2,17.95,46
8911,19/03/2018 18:08,House Red wine 75cl,2,17.95,9
8591,23/02/2018 16:08,House Red wine 75cl,2,17.95,6
8381,02/02/2018 18:08,House white wine 75cl,1,17.95,5
8112,07/01/2018 18:39,House Red wine 75cl,1,17.95,3
7696,08/12/2017 19:37,House white wine 75cl,1,17.95,15
7566,28/11/2017 18:00,House Red wine 75cl,2,17.95,4
6936,02/10/2017 17:38,House Red wine 75cl,2,17.95,4
6568,31/08/2017 12:29,House white wine 75cl,2,17.95,3
6409,18/08/2017 13:56,House white wine 75cl,1,17.95,2
6382,15/08/2017 18:40,House Red wine 75cl,1,17.95,3
6145,22/07/2017 19:31,House white wine 75cl,1,17.95,4
5767,21/06/2017 18:38,House Red wine 75cl,2,17.95,6
5671,09/06/2017 19:04,House Red wine 75cl,1,17.95,6
5411,13/05/2017 17:27,House Red wine 75cl,2,17.95,5
5355,06/05/2017 22:38,House white wine 75cl,1,17.95,3
4982,03/04/2017 20:15,House Red wine 75cl,1,17.95,4
4850,23/03/2017 16:43,House Red wine 75cl,1,17.95,3
4617,20/02/2017 20:00,House Red wine 75cl,1,17.95,3
4294,16/01/2017 18:19,House Red wine 75cl,2,17.95,7
3978,15/12/2016 17:47,House Red wine 75cl,2,17.95,6
3777,22/11/2016 12:49,House Red wine 75cl,2,17.95,7
3715,16/11/2016 18:02,House Red wine 75cl,2,17.95,6
3328,07/10/2016 14:41,House Red wine 75cl,1,17.95,9
3161,16/09/2016 18:11,House Red wine 75cl,2,17.95,7
3139,11/09/2016 18:17,House Red wine 75cl,2,17.95,6
